Id,DatasetID,OriginalID,OriginalTraitName,OriginalTraitDef,OriginalTraitValue,OriginalTraitUnit,Habitat,LabField,SecondStressor,SecondStressorDef,SecondStressorValue,SecondStressorUnit,Location,LocationType,CoordinateType,Latitude,Longitude,Interactor1,Interactor1Number,Interactor1Kingdom,Interactor1Phylum,Interactor1Class,Interactor1Order,Interactor1Family,Interactor1Genus,Interactor1Species,Interactor1Stage,Interactor1Sex,Interactor1Temp,Interactor1TempUnit,Interactor1GrowthTemp,Interactor1GrowthTempUnit,Interactor2Kingdom,Interactor2Phylum,Interactor2Class,Interactor2Order,Interactor2Family,Interactor2Genus,Interactor2Species,Interactor2Stage,FigureTable,Citation,DOI,SubmittedBy,ContributorEmail,Notes,DefaultChartXaxis,DefaultChartCategory
88487,440,CL2111,sporozoite prevalence,not stated,0.0,percent,terrestrial,laboratory,temperature variation,realistic diurnal temperature fluctuation,0.0,Celsius,Walter Reed Army Institute of Research Maryland,colony,decimal,39.005,-77.054028,Anopheles stephensi,20,Animalia,Arthropoda,Insecta,Diptera,Culicidae,Anopheles,stephensi,adult,female,18.0,Celsius,27.0,Celsius,Alveolata,Apicomplexa,Aconoidasida,Haemospororida,Plasmodiidae,Plasmodium,falciparum,oocyst and spz,table S1,Waite et al 2019. Exploring the lower thermal limits for development of the human malaria parasite Plasmodium falciparum. Biol. Lett. 15: 20190275.,10.1098/rsbl.2019.0275,Connor Lachance,phuxly@gmail.com,interactor2 was from Plasmodium falciparum (NF54) parasite cultures were either provided by the Johns Hopkins Malaria Institute Core Facility or from the Centre for Infectious Disease Research.,Interactor1Temp,SecondStressorValue
88488,440,CL2111,sporozoite prevalence,not stated,7.69,percent,terrestrial,laboratory,temperature variation,realistic diurnal temperature fluctuation,0.0,Celsius,Walter Reed Army Institute of Research Maryland,colony,decimal,39.005,-77.054028,Anopheles stephensi,26,Animalia,Arthropoda,Insecta,Diptera,Culicidae,Anopheles,stephensi,adult,female,18.0,Celsius,27.0,Celsius,Alveolata,Apicomplexa,Aconoidasida,Haemospororida,Plasmodiidae,Plasmodium,falciparum,oocyst and spz,table S1,Waite et al 2019. Exploring the lower thermal limits for development of the human malaria parasite Plasmodium falciparum. Biol. Lett. 15: 20190275.,10.1098/rsbl.2019.0275,Connor Lachance,phuxly@gmail.com,interactor2 was from Plasmodium falciparum (NF54) parasite cultures were either provided by the Johns Hopkins Malaria Institute Core Facility or from the Centre for Infectious Disease Research.,Interactor1Temp,SecondStressorValue
88489,440,CL2111,sporozoite prevalence,not stated,25.0,percent,terrestrial,laboratory,temperature variation,realistic diurnal temperature fluctuation,0.0,Celsius,Walter Reed Army Institute of Research Maryland,colony,decimal,39.005,-77.054028,Anopheles stephensi,24,Animalia,Arthropoda,Insecta,Diptera,Culicidae,Anopheles,stephensi,adult,female,18.0,Celsius,27.0,Celsius,Alveolata,Apicomplexa,Aconoidasida,Haemospororida,Plasmodiidae,Plasmodium,falciparum,oocyst and spz,table S1,Waite et al 2019. Exploring the lower thermal limits for development of the human malaria parasite Plasmodium falciparum. Biol. Lett. 15: 20190275.,10.1098/rsbl.2019.0275,Connor Lachance,phuxly@gmail.com,interactor2 was from Plasmodium falciparum (NF54) parasite cultures were either provided by the Johns Hopkins Malaria Institute Core Facility or from the Centre for Infectious Disease Research.,Interactor1Temp,SecondStressorValue
88490,440,CL2111,sporozoite prevalence,not stated,15.0,percent,terrestrial,laboratory,temperature variation,realistic diurnal temperature fluctuation,0.0,Celsius,Walter Reed Army Institute of Research Maryland,colony,decimal,39.005,-77.054028,Anopheles stephensi,20,Animalia,Arthropoda,Insecta,Diptera,Culicidae,Anopheles,stephensi,adult,female,18.0,Celsius,27.0,Celsius,Alveolata,Apicomplexa,Aconoidasida,Haemospororida,Plasmodiidae,Plasmodium,falciparum,oocyst and spz,table S1,Waite et al 2019. Exploring the lower thermal limits for development of the human malaria parasite Plasmodium falciparum. Biol. Lett. 15: 20190275.,10.1098/rsbl.2019.0275,Connor Lachance,phuxly@gmail.com,interactor2 was from Plasmodium falciparum (NF54) parasite cultures were either provided by the Johns Hopkins Malaria Institute Core Facility or from the Centre for Infectious Disease Research.,Interactor1Temp,SecondStressorValue
88491,440,CL2111,sporozoite prevalence,not stated,10.0,percent,terrestrial,laboratory,temperature variation,realistic diurnal temperature fluctuation,0.0,Celsius,Walter Reed Army Institute of Research Maryland,colony,decimal,39.005,-77.054028,Anopheles stephensi,10,Animalia,Arthropoda,Insecta,Diptera,Culicidae,Anopheles,stephensi,adult,female,18.0,Celsius,27.0,Celsius,Alveolata,Apicomplexa,Aconoidasida,Haemospororida,Plasmodiidae,Plasmodium,falciparum,oocyst and spz,table S1,Waite et al 2019. Exploring the lower thermal limits for development of the human malaria parasite Plasmodium falciparum. Biol. Lett. 15: 20190275.,10.1098/rsbl.2019.0275,Connor Lachance,phuxly@gmail.com,interactor2 was from Plasmodium falciparum (NF54) parasite cultures were either provided by the Johns Hopkins Malaria Institute Core Facility or from the Centre for Infectious Disease Research.,Interactor1Temp,SecondStressorValue
88492,440,CL2111,sporozoite prevalence,not stated,10.53,percent,terrestrial,laboratory,temperature variation,realistic diurnal temperature fluctuation,5.0,Celsius,Walter Reed Army Institute of Research Maryland,colony,decimal,39.005,-77.054028,Anopheles stephensi,19,Animalia,Arthropoda,Insecta,Diptera,Culicidae,Anopheles,stephensi,adult,female,18.0,Celsius,27.0,Celsius,Alveolata,Apicomplexa,Aconoidasida,Haemospororida,Plasmodiidae,Plasmodium,falciparum,oocyst and spz,table S1,Waite et al 2019. Exploring the lower thermal limits for development of the human malaria parasite Plasmodium falciparum. Biol. Lett. 15: 20190275.,10.1098/rsbl.2019.0275,Connor Lachance,phuxly@gmail.com,ambient temp varied plus/minus 5 degrees Celsius. interactor2 was from Plasmodium falciparum (NF54) parasite cultures were either provided by the Johns Hopkins Malaria Institute Core Facility or from the Centre for Infectious Disease Research.,Interactor1Temp,SecondStressorValue
88493,440,CL2111,sporozoite prevalence,not stated,48.0,percent,terrestrial,laboratory,temperature variation,realistic diurnal temperature fluctuation,5.0,Celsius,Walter Reed Army Institute of Research Maryland,colony,decimal,39.005,-77.054028,Anopheles stephensi,25,Animalia,Arthropoda,Insecta,Diptera,Culicidae,Anopheles,stephensi,adult,female,18.0,Celsius,27.0,Celsius,Alveolata,Apicomplexa,Aconoidasida,Haemospororida,Plasmodiidae,Plasmodium,falciparum,oocyst and spz,table S1,Waite et al 2019. Exploring the lower thermal limits for development of the human malaria parasite Plasmodium falciparum. Biol. Lett. 15: 20190275.,10.1098/rsbl.2019.0275,Connor Lachance,phuxly@gmail.com,ambient temp varied plus/minus 5 degrees Celsius. interactor2 was from Plasmodium falciparum (NF54) parasite cultures were either provided by the Johns Hopkins Malaria Institute Core Facility or from the Centre for Infectious Disease Research.,Interactor1Temp,SecondStressorValue
88494,440,CL2111,sporozoite prevalence,not stated,26.09,percent,terrestrial,laboratory,temperature variation,realistic diurnal temperature fluctuation,5.0,Celsius,Walter Reed Army Institute of Research Maryland,colony,decimal,39.005,-77.054028,Anopheles stephensi,23,Animalia,Arthropoda,Insecta,Diptera,Culicidae,Anopheles,stephensi,adult,female,18.0,Celsius,27.0,Celsius,Alveolata,Apicomplexa,Aconoidasida,Haemospororida,Plasmodiidae,Plasmodium,falciparum,oocyst and spz,table S1,Waite et al 2019. Exploring the lower thermal limits for development of the human malaria parasite Plasmodium falciparum. Biol. Lett. 15: 20190275.,10.1098/rsbl.2019.0275,Connor Lachance,phuxly@gmail.com,ambient temp varied plus/minus 5 degrees Celsius. interactor2 was from Plasmodium falciparum (NF54) parasite cultures were either provided by the Johns Hopkins Malaria Institute Core Facility or from the Centre for Infectious Disease Research.,Interactor1Temp,SecondStressorValue
88495,440,CL2111,sporozoite prevalence,not stated,29.17,percent,terrestrial,laboratory,temperature variation,realistic diurnal temperature fluctuation,5.0,Celsius,Walter Reed Army Institute of Research Maryland,colony,decimal,39.005,-77.054028,Anopheles stephensi,24,Animalia,Arthropoda,Insecta,Diptera,Culicidae,Anopheles,stephensi,adult,female,18.0,Celsius,27.0,Celsius,Alveolata,Apicomplexa,Aconoidasida,Haemospororida,Plasmodiidae,Plasmodium,falciparum,oocyst and spz,table S1,Waite et al 2019. Exploring the lower thermal limits for development of the human malaria parasite Plasmodium falciparum. Biol. Lett. 15: 20190275.,10.1098/rsbl.2019.0275,Connor Lachance,phuxly@gmail.com,ambient temp varied plus/minus 5 degrees Celsius. interactor2 was from Plasmodium falciparum (NF54) parasite cultures were either provided by the Johns Hopkins Malaria Institute Core Facility or from the Centre for Infectious Disease Research.,Interactor1Temp,SecondStressorValue
88496,440,CL2111,sporozoite prevalence,not stated,32.26,percent,terrestrial,laboratory,temperature variation,realistic diurnal temperature fluctuation,5.0,Celsius,Walter Reed Army Institute of Research Maryland,colony,decimal,39.005,-77.054028,Anopheles stephensi,31,Animalia,Arthropoda,Insecta,Diptera,Culicidae,Anopheles,stephensi,adult,female,18.0,Celsius,27.0,Celsius,Alveolata,Apicomplexa,Aconoidasida,Haemospororida,Plasmodiidae,Plasmodium,falciparum,oocyst and spz,table S1,Waite et al 2019. Exploring the lower thermal limits for development of the human malaria parasite Plasmodium falciparum. Biol. Lett. 15: 20190275.,10.1098/rsbl.2019.0275,Connor Lachance,phuxly@gmail.com,ambient temp varied plus/minus 5 degrees Celsius. interactor2 was from Plasmodium falciparum (NF54) parasite cultures were either provided by the Johns Hopkins Malaria Institute Core Facility or from the Centre for Infectious Disease Research.,Interactor1Temp,SecondStressorValue
88497,440,CL2111,sporozoite prevalence,not stated,0.0,percent,terrestrial,laboratory,temperature variation,realistic diurnal temperature fluctuation,0.0,Celsius,Walter Reed Army Institute of Research Maryland,colony,decimal,39.005,-77.054028,Anopheles stephensi,30,Animalia,Arthropoda,Insecta,Diptera,Culicidae,Anopheles,stephensi,adult,female,20.0,Celsius,27.0,Celsius,Alveolata,Apicomplexa,Aconoidasida,Haemospororida,Plasmodiidae,Plasmodium,falciparum,oocyst and spz,table S1,Waite et al 2019. Exploring the lower thermal limits for development of the human malaria parasite Plasmodium falciparum. Biol. Lett. 15: 20190275.,10.1098/rsbl.2019.0275,Connor Lachance,phuxly@gmail.com,interactor2 was from Plasmodium falciparum (NF54) parasite cultures were either provided by the Johns Hopkins Malaria Institute Core Facility or from the Centre for Infectious Disease Research.,Interactor1Temp,SecondStressorValue
88498,440,CL2111,sporozoite prevalence,not stated,70.45,percent,terrestrial,laboratory,temperature variation,realistic diurnal temperature fluctuation,0.0,Celsius,Walter Reed Army Institute of Research Maryland,colony,decimal,39.005,-77.054028,Anopheles stephensi,44,Animalia,Arthropoda,Insecta,Diptera,Culicidae,Anopheles,stephensi,adult,female,20.0,Celsius,27.0,Celsius,Alveolata,Apicomplexa,Aconoidasida,Haemospororida,Plasmodiidae,Plasmodium,falciparum,oocyst and spz,table S1,Waite et al 2019. Exploring the lower thermal limits for development of the human malaria parasite Plasmodium falciparum. Biol. Lett. 15: 20190275.,10.1098/rsbl.2019.0275,Connor Lachance,phuxly@gmail.com,interactor2 was from Plasmodium falciparum (NF54) parasite cultures were either provided by the Johns Hopkins Malaria Institute Core Facility or from the Centre for Infectious Disease Research.,Interactor1Temp,SecondStressorValue
88499,440,CL2111,sporozoite prevalence,not stated,77.78,percent,terrestrial,laboratory,temperature variation,realistic diurnal temperature fluctuation,0.0,Celsius,Walter Reed Army Institute of Research Maryland,colony,decimal,39.005,-77.054028,Anopheles stephensi,27,Animalia,Arthropoda,Insecta,Diptera,Culicidae,Anopheles,stephensi,adult,female,20.0,Celsius,27.0,Celsius,Alveolata,Apicomplexa,Aconoidasida,Haemospororida,Plasmodiidae,Plasmodium,falciparum,oocyst and spz,table S1,Waite et al 2019. Exploring the lower thermal limits for development of the human malaria parasite Plasmodium falciparum. Biol. Lett. 15: 20190275.,10.1098/rsbl.2019.0275,Connor Lachance,phuxly@gmail.com,interactor2 was from Plasmodium falciparum (NF54) parasite cultures were either provided by the Johns Hopkins Malaria Institute Core Facility or from the Centre for Infectious Disease Research.,Interactor1Temp,SecondStressorValue
88500,440,CL2111,sporozoite prevalence,not stated,46.15,percent,terrestrial,laboratory,temperature variation,realistic diurnal temperature fluctuation,0.0,Celsius,Walter Reed Army Institute of Research Maryland,colony,decimal,39.005,-77.054028,Anopheles stephensi,13,Animalia,Arthropoda,Insecta,Diptera,Culicidae,Anopheles,stephensi,adult,female,20.0,Celsius,27.0,Celsius,Alveolata,Apicomplexa,Aconoidasida,Haemospororida,Plasmodiidae,Plasmodium,falciparum,oocyst and spz,table S1,Waite et al 2019. Exploring the lower thermal limits for development of the human malaria parasite Plasmodium falciparum. Biol. Lett. 15: 20190275.,10.1098/rsbl.2019.0275,Connor Lachance,phuxly@gmail.com,interactor2 was from Plasmodium falciparum (NF54) parasite cultures were either provided by the Johns Hopkins Malaria Institute Core Facility or from the Centre for Infectious Disease Research.,Interactor1Temp,SecondStressorValue
88501,440,CL2111,sporozoite prevalence,not stated,0.0,percent,terrestrial,laboratory,temperature variation,realistic diurnal temperature fluctuation,0.0,Celsius,Walter Reed Army Institute of Research Maryland,colony,decimal,39.005,-77.054028,Anopheles stephensi,20,Animalia,Arthropoda,Insecta,Diptera,Culicidae,Anopheles,stephensi,adult,female,16.0,Celsius,27.0,Celsius,Alveolata,Apicomplexa,Aconoidasida,Haemospororida,Plasmodiidae,Plasmodium,falciparum,oocyst and spz,table S1,Waite et al 2019. Exploring the lower thermal limits for development of the human malaria parasite Plasmodium falciparum. Biol. Lett. 15: 20190275.,10.1098/rsbl.2019.0275,Connor Lachance,phuxly@gmail.com,interactor2 was from Plasmodium falciparum (NF54) parasite cultures were either provided by the Johns Hopkins Malaria Institute Core Facility or from the Centre for Infectious Disease Research.,Interactor1Temp,SecondStressorValue
88502,440,CL2111,sporozoite prevalence,not stated,0.0,percent,terrestrial,laboratory,temperature variation,realistic diurnal temperature fluctuation,0.0,Celsius,Walter Reed Army Institute of Research Maryland,colony,decimal,39.005,-77.054028,Anopheles stephensi,14,Animalia,Arthropoda,Insecta,Diptera,Culicidae,Anopheles,stephensi,adult,female,16.0,Celsius,27.0,Celsius,Alveolata,Apicomplexa,Aconoidasida,Haemospororida,Plasmodiidae,Plasmodium,falciparum,oocyst and spz,table S1,Waite et al 2019. Exploring the lower thermal limits for development of the human malaria parasite Plasmodium falciparum. Biol. Lett. 15: 20190275.,10.1098/rsbl.2019.0275,Connor Lachance,phuxly@gmail.com,interactor2 was from Plasmodium falciparum (NF54) parasite cultures were either provided by the Johns Hopkins Malaria Institute Core Facility or from the Centre for Infectious Disease Research.,Interactor1Temp,SecondStressorValue
88503,440,CL2111,sporozoite prevalence,not stated,0.0,percent,terrestrial,laboratory,temperature variation,realistic diurnal temperature fluctuation,0.0,Celsius,Walter Reed Army Institute of Research Maryland,colony,decimal,39.005,-77.054028,Anopheles stephensi,16,Animalia,Arthropoda,Insecta,Diptera,Culicidae,Anopheles,stephensi,adult,female,16.0,Celsius,27.0,Celsius,Alveolata,Apicomplexa,Aconoidasida,Haemospororida,Plasmodiidae,Plasmodium,falciparum,oocyst and spz,table S1,Waite et al 2019. Exploring the lower thermal limits for development of the human malaria parasite Plasmodium falciparum. Biol. Lett. 15: 20190275.,10.1098/rsbl.2019.0275,Connor Lachance,phuxly@gmail.com,interactor2 was from Plasmodium falciparum (NF54) parasite cultures were either provided by the Johns Hopkins Malaria Institute Core Facility or from the Centre for Infectious Disease Research.,Interactor1Temp,SecondStressorValue
88504,440,CL2111,sporozoite prevalence,not stated,0.0,percent,terrestrial,laboratory,temperature variation,realistic diurnal temperature fluctuation,0.0,Celsius,Walter Reed Army Institute of Research Maryland,colony,decimal,39.005,-77.054028,Anopheles stephensi,40,Animalia,Arthropoda,Insecta,Diptera,Culicidae,Anopheles,stephensi,adult,female,18.0,Celsius,27.0,Celsius,Alveolata,Apicomplexa,Aconoidasida,Haemospororida,Plasmodiidae,Plasmodium,falciparum,oocyst and spz,table S1,Waite et al 2019. Exploring the lower thermal limits for development of the human malaria parasite Plasmodium falciparum. Biol. Lett. 15: 20190275.,10.1098/rsbl.2019.0275,Connor Lachance,phuxly@gmail.com,interactor2 was from Plasmodium falciparum (NF54) parasite cultures were either provided by the Johns Hopkins Malaria Institute Core Facility or from the Centre for Infectious Disease Research.,Interactor1Temp,SecondStressorValue
88505,440,CL2111,sporozoite prevalence,not stated,26.32,percent,terrestrial,laboratory,temperature variation,realistic diurnal temperature fluctuation,0.0,Celsius,Walter Reed Army Institute of Research Maryland,colony,decimal,39.005,-77.054028,Anopheles stephensi,38,Animalia,Arthropoda,Insecta,Diptera,Culicidae,Anopheles,stephensi,adult,female,18.0,Celsius,27.0,Celsius,Alveolata,Apicomplexa,Aconoidasida,Haemospororida,Plasmodiidae,Plasmodium,falciparum,oocyst and spz,table S1,Waite et al 2019. Exploring the lower thermal limits for development of the human malaria parasite Plasmodium falciparum. Biol. Lett. 15: 20190275.,10.1098/rsbl.2019.0275,Connor Lachance,phuxly@gmail.com,interactor2 was from Plasmodium falciparum (NF54) parasite cultures were either provided by the Johns Hopkins Malaria Institute Core Facility or from the Centre for Infectious Disease Research.,Interactor1Temp,SecondStressorValue
88506,440,CL2111,sporozoite prevalence,not stated,54.05,percent,terrestrial,laboratory,temperature variation,realistic diurnal temperature fluctuation,0.0,Celsius,Walter Reed Army Institute of Research Maryland,colony,decimal,39.005,-77.054028,Anopheles stephensi,37,Animalia,Arthropoda,Insecta,Diptera,Culicidae,Anopheles,stephensi,adult,female,18.0,Celsius,27.0,Celsius,Alveolata,Apicomplexa,Aconoidasida,Haemospororida,Plasmodiidae,Plasmodium,falciparum,oocyst and spz,table S1,Waite et al 2019. Exploring the lower thermal limits for development of the human malaria parasite Plasmodium falciparum. Biol. Lett. 15: 20190275.,10.1098/rsbl.2019.0275,Connor Lachance,phuxly@gmail.com,interactor2 was from Plasmodium falciparum (NF54) parasite cultures were either provided by the Johns Hopkins Malaria Institute Core Facility or from the Centre for Infectious Disease Research.,Interactor1Temp,SecondStressorValue
88507,440,CL2111,sporozoite prevalence,not stated,66.67,percent,terrestrial,laboratory,temperature variation,realistic diurnal temperature fluctuation,0.0,Celsius,Walter Reed Army Institute of Research Maryland,colony,decimal,39.005,-77.054028,Anopheles stephensi,21,Animalia,Arthropoda,Insecta,Diptera,Culicidae,Anopheles,stephensi,adult,female,18.0,Celsius,27.0,Celsius,Alveolata,Apicomplexa,Aconoidasida,Haemospororida,Plasmodiidae,Plasmodium,falciparum,oocyst and spz,table S1,Waite et al 2019. Exploring the lower thermal limits for development of the human malaria parasite Plasmodium falciparum. Biol. Lett. 15: 20190275.,10.1098/rsbl.2019.0275,Connor Lachance,phuxly@gmail.com,interactor2 was from Plasmodium falciparum (NF54) parasite cultures were either provided by the Johns Hopkins Malaria Institute Core Facility or from the Centre for Infectious Disease Research.,Interactor1Temp,SecondStressorValue
88508,440,CL2111,sporozoite prevalence,not stated,0.0,percent,terrestrial,laboratory,temperature variation,realistic diurnal temperature fluctuation,5.0,Celsius,Walter Reed Army Institute of Research Maryland,colony,decimal,39.005,-77.054028,Anopheles stephensi,10,Animalia,Arthropoda,Insecta,Diptera,Culicidae,Anopheles,stephensi,adult,female,18.0,Celsius,27.0,Celsius,Alveolata,Apicomplexa,Aconoidasida,Haemospororida,Plasmodiidae,Plasmodium,falciparum,oocyst and spz,table S1,Waite et al 2019. Exploring the lower thermal limits for development of the human malaria parasite Plasmodium falciparum. Biol. Lett. 15: 20190275.,10.1098/rsbl.2019.0275,Connor Lachance,phuxly@gmail.com,ambient temp varied plus/minus 5 degrees Celsius. interactor2 was from Plasmodium falciparum (NF54) parasite cultures were either provided by the Johns Hopkins Malaria Institute Core Facility or from the Centre for Infectious Disease Research.,Interactor1Temp,SecondStressorValue
88509,440,CL2111,sporozoite prevalence,not stated,0.0,percent,terrestrial,laboratory,temperature variation,realistic diurnal temperature fluctuation,5.0,Celsius,Walter Reed Army Institute of Research Maryland,colony,decimal,39.005,-77.054028,Anopheles stephensi,9,Animalia,Arthropoda,Insecta,Diptera,Culicidae,Anopheles,stephensi,adult,female,18.0,Celsius,27.0,Celsius,Alveolata,Apicomplexa,Aconoidasida,Haemospororida,Plasmodiidae,Plasmodium,falciparum,oocyst and spz,table S1,Waite et al 2019. Exploring the lower thermal limits for development of the human malaria parasite Plasmodium falciparum. Biol. Lett. 15: 20190275.,10.1098/rsbl.2019.0275,Connor Lachance,phuxly@gmail.com,ambient temp varied plus/minus 5 degrees Celsius. interactor2 was from Plasmodium falciparum (NF54) parasite cultures were either provided by the Johns Hopkins Malaria Institute Core Facility or from the Centre for Infectious Disease Research.,Interactor1Temp,SecondStressorValue
88510,440,CL2111,sporozoite prevalence,not stated,70.0,percent,terrestrial,laboratory,temperature variation,realistic diurnal temperature fluctuation,5.0,Celsius,Walter Reed Army Institute of Research Maryland,colony,decimal,39.005,-77.054028,Anopheles stephensi,20,Animalia,Arthropoda,Insecta,Diptera,Culicidae,Anopheles,stephensi,adult,female,18.0,Celsius,27.0,Celsius,Alveolata,Apicomplexa,Aconoidasida,Haemospororida,Plasmodiidae,Plasmodium,falciparum,oocyst and spz,table S1,Waite et al 2019. Exploring the lower thermal limits for development of the human malaria parasite Plasmodium falciparum. Biol. Lett. 15: 20190275.,10.1098/rsbl.2019.0275,Connor Lachance,phuxly@gmail.com,ambient temp varied plus/minus 5 degrees Celsius. interactor2 was from Plasmodium falciparum (NF54) parasite cultures were either provided by the Johns Hopkins Malaria Institute Core Facility or from the Centre for Infectious Disease Research.,Interactor1Temp,SecondStressorValue
88511,440,CL2111,sporozoite prevalence,not stated,81.25,percent,terrestrial,laboratory,temperature variation,realistic diurnal temperature fluctuation,5.0,Celsius,Walter Reed Army Institute of Research Maryland,colony,decimal,39.005,-77.054028,Anopheles stephensi,16,Animalia,Arthropoda,Insecta,Diptera,Culicidae,Anopheles,stephensi,adult,female,18.0,Celsius,27.0,Celsius,Alveolata,Apicomplexa,Aconoidasida,Haemospororida,Plasmodiidae,Plasmodium,falciparum,oocyst and spz,table S1,Waite et al 2019. Exploring the lower thermal limits for development of the human malaria parasite Plasmodium falciparum. Biol. Lett. 15: 20190275.,10.1098/rsbl.2019.0275,Connor Lachance,phuxly@gmail.com,ambient temp varied plus/minus 5 degrees Celsius. interactor2 was from Plasmodium falciparum (NF54) parasite cultures were either provided by the Johns Hopkins Malaria Institute Core Facility or from the Centre for Infectious Disease Research.,Interactor1Temp,SecondStressorValue
88512,440,CL2111,sporozoite prevalence,not stated,70.83,percent,terrestrial,laboratory,temperature variation,realistic diurnal temperature fluctuation,5.0,Celsius,Walter Reed Army Institute of Research Maryland,colony,decimal,39.005,-77.054028,Anopheles stephensi,24,Animalia,Arthropoda,Insecta,Diptera,Culicidae,Anopheles,stephensi,adult,female,18.0,Celsius,27.0,Celsius,Alveolata,Apicomplexa,Aconoidasida,Haemospororida,Plasmodiidae,Plasmodium,falciparum,oocyst and spz,table S1,Waite et al 2019. Exploring the lower thermal limits for development of the human malaria parasite Plasmodium falciparum. Biol. Lett. 15: 20190275.,10.1098/rsbl.2019.0275,Connor Lachance,phuxly@gmail.com,ambient temp varied plus/minus 5 degrees Celsius. interactor2 was from Plasmodium falciparum (NF54) parasite cultures were either provided by the Johns Hopkins Malaria Institute Core Facility or from the Centre for Infectious Disease Research.,Interactor1Temp,SecondStressorValue
88513,440,CL2111,sporozoite prevalence,not stated,85.19,percent,terrestrial,laboratory,temperature variation,realistic diurnal temperature fluctuation,5.0,Celsius,Walter Reed Army Institute of Research Maryland,colony,decimal,39.005,-77.054028,Anopheles stephensi,27,Animalia,Arthropoda,Insecta,Diptera,Culicidae,Anopheles,stephensi,adult,female,18.0,Celsius,27.0,Celsius,Alveolata,Apicomplexa,Aconoidasida,Haemospororida,Plasmodiidae,Plasmodium,falciparum,oocyst and spz,table S1,Waite et al 2019. Exploring the lower thermal limits for development of the human malaria parasite Plasmodium falciparum. Biol. Lett. 15: 20190275.,10.1098/rsbl.2019.0275,Connor Lachance,phuxly@gmail.com,ambient temp varied plus/minus 5 degrees Celsius. interactor2 was from Plasmodium falciparum (NF54) parasite cultures were either provided by the Johns Hopkins Malaria Institute Core Facility or from the Centre for Infectious Disease Research.,Interactor1Temp,SecondStressorValue
88514,440,CL2111,sporozoite prevalence,not stated,0.0,percent,terrestrial,laboratory,temperature variation,realistic diurnal temperature fluctuation,5.0,Celsius,Walter Reed Army Institute of Research Maryland,colony,decimal,39.005,-77.054028,Anopheles stephensi,44,Animalia,Arthropoda,Insecta,Diptera,Culicidae,Anopheles,stephensi,adult,female,14.0,Celsius,27.0,Celsius,Alveolata,Apicomplexa,Aconoidasida,Haemospororida,Plasmodiidae,Plasmodium,falciparum,oocyst and spz,table S1,Waite et al 2019. Exploring the lower thermal limits for development of the human malaria parasite Plasmodium falciparum. Biol. Lett. 15: 20190275.,10.1098/rsbl.2019.0275,Connor Lachance,phuxly@gmail.com,ambient temp varied plus/minus 5 degrees Celsius. interactor2 was from Plasmodium falciparum (NF54) parasite cultures were either provided by the Johns Hopkins Malaria Institute Core Facility or from the Centre for Infectious Disease Research.,Interactor1Temp,SecondStressorValue
88515,440,CL2111,sporozoite prevalence,not stated,0.0,percent,terrestrial,laboratory,temperature variation,realistic diurnal temperature fluctuation,5.0,Celsius,Walter Reed Army Institute of Research Maryland,colony,decimal,39.005,-77.054028,Anopheles stephensi,56,Animalia,Arthropoda,Insecta,Diptera,Culicidae,Anopheles,stephensi,adult,female,14.0,Celsius,27.0,Celsius,Alveolata,Apicomplexa,Aconoidasida,Haemospororida,Plasmodiidae,Plasmodium,falciparum,spz,table S1,Waite et al 2019. Exploring the lower thermal limits for development of the human malaria parasite Plasmodium falciparum. Biol. Lett. 15: 20190275.,10.1098/rsbl.2019.0275,Connor Lachance,phuxly@gmail.com,ambient temp varied plus/minus 5 degrees Celsius. interactor2 was from Plasmodium falciparum (NF54) parasite cultures were either provided by the Johns Hopkins Malaria Institute Core Facility or from the Centre for Infectious Disease Research.,Interactor1Temp,SecondStressorValue
88516,440,CL2111,sporozoite prevalence,not stated,0.0,percent,terrestrial,laboratory,temperature variation,realistic diurnal temperature fluctuation,5.0,Celsius,Walter Reed Army Institute of Research Maryland,colony,decimal,39.005,-77.054028,Anopheles stephensi,33,Animalia,Arthropoda,Insecta,Diptera,Culicidae,Anopheles,stephensi,adult,female,14.0,Celsius,27.0,Celsius,Alveolata,Apicomplexa,Aconoidasida,Haemospororida,Plasmodiidae,Plasmodium,falciparum,spz,table S1,Waite et al 2019. Exploring the lower thermal limits for development of the human malaria parasite Plasmodium falciparum. Biol. Lett. 15: 20190275.,10.1098/rsbl.2019.0275,Connor Lachance,phuxly@gmail.com,ambient temp varied plus/minus 5 degrees Celsius. interactor2 was from Plasmodium falciparum (NF54) parasite cultures were either provided by the Johns Hopkins Malaria Institute Core Facility or from the Centre for Infectious Disease Research.,Interactor1Temp,SecondStressorValue
88517,440,CL2111,sporozoite prevalence,not stated,5.0,percent,terrestrial,laboratory,temperature variation,realistic diurnal temperature fluctuation,5.0,Celsius,Walter Reed Army Institute of Research Maryland,colony,decimal,39.005,-77.054028,Anopheles stephensi,40,Animalia,Arthropoda,Insecta,Diptera,Culicidae,Anopheles,stephensi,adult,female,16.0,Celsius,27.0,Celsius,Alveolata,Apicomplexa,Aconoidasida,Haemospororida,Plasmodiidae,Plasmodium,falciparum,oocyst and spz,table S1,Waite et al 2019. Exploring the lower thermal limits for development of the human malaria parasite Plasmodium falciparum. Biol. Lett. 15: 20190275.,10.1098/rsbl.2019.0275,Connor Lachance,phuxly@gmail.com,ambient temp varied plus/minus 5 degrees Celsius. interactor2 was from Plasmodium falciparum (NF54) parasite cultures were either provided by the Johns Hopkins Malaria Institute Core Facility or from the Centre for Infectious Disease Research.,Interactor1Temp,SecondStressorValue
88518,440,CL2111,sporozoite prevalence,not stated,0.0,percent,terrestrial,laboratory,temperature variation,realistic diurnal temperature fluctuation,5.0,Celsius,Walter Reed Army Institute of Research Maryland,colony,decimal,39.005,-77.054028,Anopheles stephensi,44,Animalia,Arthropoda,Insecta,Diptera,Culicidae,Anopheles,stephensi,adult,female,16.0,Celsius,27.0,Celsius,Alveolata,Apicomplexa,Aconoidasida,Haemospororida,Plasmodiidae,Plasmodium,falciparum,oocyst and spz,table S1,Waite et al 2019. Exploring the lower thermal limits for development of the human malaria parasite Plasmodium falciparum. Biol. Lett. 15: 20190275.,10.1098/rsbl.2019.0275,Connor Lachance,phuxly@gmail.com,ambient temp varied plus/minus 5 degrees Celsius. interactor2 was from Plasmodium falciparum (NF54) parasite cultures were either provided by the Johns Hopkins Malaria Institute Core Facility or from the Centre for Infectious Disease Research.,Interactor1Temp,SecondStressorValue
88519,440,CL2111,sporozoite prevalence,not stated,0.0,percent,terrestrial,laboratory,temperature variation,realistic diurnal temperature fluctuation,5.0,Celsius,Walter Reed Army Institute of Research Maryland,colony,decimal,39.005,-77.054028,Anopheles stephensi,34,Animalia,Arthropoda,Insecta,Diptera,Culicidae,Anopheles,stephensi,adult,female,16.0,Celsius,27.0,Celsius,Alveolata,Apicomplexa,Aconoidasida,Haemospororida,Plasmodiidae,Plasmodium,falciparum,spz,table S1,Waite et al 2019. Exploring the lower thermal limits for development of the human malaria parasite Plasmodium falciparum. Biol. Lett. 15: 20190275.,10.1098/rsbl.2019.0275,Connor Lachance,phuxly@gmail.com,ambient temp varied plus/minus 5 degrees Celsius. interactor2 was from Plasmodium falciparum (NF54) parasite cultures were either provided by the Johns Hopkins Malaria Institute Core Facility or from the Centre for Infectious Disease Research.,Interactor1Temp,SecondStressorValue
88520,440,CL2111,sporozoite prevalence,not stated,0.0,percent,terrestrial,laboratory,temperature variation,realistic diurnal temperature fluctuation,5.0,Celsius,Walter Reed Army Institute of Research Maryland,colony,decimal,39.005,-77.054028,Anopheles stephensi,11,Animalia,Arthropoda,Insecta,Diptera,Culicidae,Anopheles,stephensi,adult,female,14.0,Celsius,27.0,Celsius,Alveolata,Apicomplexa,Aconoidasida,Haemospororida,Plasmodiidae,Plasmodium,falciparum,oocyst and spz,table S1,Waite et al 2019. Exploring the lower thermal limits for development of the human malaria parasite Plasmodium falciparum. Biol. Lett. 15: 20190275.,10.1098/rsbl.2019.0275,Connor Lachance,phuxly@gmail.com,ambient temp varied plus/minus 5 degrees Celsius. interactor2 was from Plasmodium falciparum (NF54) parasite cultures were either provided by the Johns Hopkins Malaria Institute Core Facility or from the Centre for Infectious Disease Research.,Interactor1Temp,SecondStressorValue
88521,440,CL2111,sporozoite prevalence,not stated,0.0,percent,terrestrial,laboratory,temperature variation,realistic diurnal temperature fluctuation,5.0,Celsius,Walter Reed Army Institute of Research Maryland,colony,decimal,39.005,-77.054028,Anopheles stephensi,25,Animalia,Arthropoda,Insecta,Diptera,Culicidae,Anopheles,stephensi,adult,female,14.0,Celsius,27.0,Celsius,Alveolata,Apicomplexa,Aconoidasida,Haemospororida,Plasmodiidae,Plasmodium,falciparum,spz,table S1,Waite et al 2019. Exploring the lower thermal limits for development of the human malaria parasite Plasmodium falciparum. Biol. Lett. 15: 20190275.,10.1098/rsbl.2019.0275,Connor Lachance,phuxly@gmail.com,ambient temp varied plus/minus 5 degrees Celsius. interactor2 was from Plasmodium falciparum (NF54) parasite cultures were either provided by the Johns Hopkins Malaria Institute Core Facility or from the Centre for Infectious Disease Research.,Interactor1Temp,SecondStressorValue
88522,440,CL2111,sporozoite prevalence,not stated,0.0,percent,terrestrial,laboratory,temperature variation,realistic diurnal temperature fluctuation,5.0,Celsius,Walter Reed Army Institute of Research Maryland,colony,decimal,39.005,-77.054028,Anopheles stephensi,5,Animalia,Arthropoda,Insecta,Diptera,Culicidae,Anopheles,stephensi,adult,female,16.0,Celsius,27.0,Celsius,Alveolata,Apicomplexa,Aconoidasida,Haemospororida,Plasmodiidae,Plasmodium,falciparum,oocyst and spz,table S1,Waite et al 2019. Exploring the lower thermal limits for development of the human malaria parasite Plasmodium falciparum. Biol. Lett. 15: 20190275.,10.1098/rsbl.2019.0275,Connor Lachance,phuxly@gmail.com,ambient temp varied plus/minus 5 degrees Celsius. interactor2 was from Plasmodium falciparum (NF54) parasite cultures were either provided by the Johns Hopkins Malaria Institute Core Facility or from the Centre for Infectious Disease Research.,Interactor1Temp,SecondStressorValue
88523,440,CL2111,sporozoite prevalence,not stated,0.0,percent,terrestrial,laboratory,temperature variation,realistic diurnal temperature fluctuation,5.0,Celsius,Walter Reed Army Institute of Research Maryland,colony,decimal,39.005,-77.054028,Anopheles stephensi,15,Animalia,Arthropoda,Insecta,Diptera,Culicidae,Anopheles,stephensi,adult,female,16.0,Celsius,27.0,Celsius,Alveolata,Apicomplexa,Aconoidasida,Haemospororida,Plasmodiidae,Plasmodium,falciparum,spz,table S1,Waite et al 2019. Exploring the lower thermal limits for development of the human malaria parasite Plasmodium falciparum. Biol. Lett. 15: 20190275.,10.1098/rsbl.2019.0275,Connor Lachance,phuxly@gmail.com,ambient temp varied plus/minus 5 degrees Celsius. interactor2 was from Plasmodium falciparum (NF54) parasite cultures were either provided by the Johns Hopkins Malaria Institute Core Facility or from the Centre for Infectious Disease Research.,Interactor1Temp,SecondStressorValue
88524,440,CL2111,sporozoite prevalence,not stated,0.0,percent,terrestrial,laboratory,temperature variation,realistic diurnal temperature fluctuation,5.0,Celsius,Walter Reed Army Institute of Research Maryland,colony,decimal,39.005,-77.054028,Anopheles stephensi,24,Animalia,Arthropoda,Insecta,Diptera,Culicidae,Anopheles,stephensi,adult,female,14.0,Celsius,27.0,Celsius,Alveolata,Apicomplexa,Aconoidasida,Haemospororida,Plasmodiidae,Plasmodium,falciparum,oocyst and spz,table S1,Waite et al 2019. Exploring the lower thermal limits for development of the human malaria parasite Plasmodium falciparum. Biol. Lett. 15: 20190275.,10.1098/rsbl.2019.0275,Connor Lachance,phuxly@gmail.com,ambient temp varied plus/minus 5 degrees Celsius. interactor2 was from Plasmodium falciparum (NF54) parasite cultures were either provided by the Johns Hopkins Malaria Institute Core Facility or from the Centre for Infectious Disease Research.,Interactor1Temp,SecondStressorValue
88525,440,CL2111,sporozoite prevalence,not stated,0.0,percent,terrestrial,laboratory,temperature variation,realistic diurnal temperature fluctuation,5.0,Celsius,Walter Reed Army Institute of Research Maryland,colony,decimal,39.005,-77.054028,Anopheles stephensi,24,Animalia,Arthropoda,Insecta,Diptera,Culicidae,Anopheles,stephensi,adult,female,14.0,Celsius,27.0,Celsius,Alveolata,Apicomplexa,Aconoidasida,Haemospororida,Plasmodiidae,Plasmodium,falciparum,spz,table S1,Waite et al 2019. Exploring the lower thermal limits for development of the human malaria parasite Plasmodium falciparum. Biol. Lett. 15: 20190275.,10.1098/rsbl.2019.0275,Connor Lachance,phuxly@gmail.com,ambient temp varied plus/minus 5 degrees Celsius. interactor2 was from Plasmodium falciparum (NF54) parasite cultures were either provided by the Johns Hopkins Malaria Institute Core Facility or from the Centre for Infectious Disease Research.,Interactor1Temp,SecondStressorValue
88526,440,CL2111,sporozoite prevalence,not stated,0.0,percent,terrestrial,laboratory,temperature variation,realistic diurnal temperature fluctuation,5.0,Celsius,Walter Reed Army Institute of Research Maryland,colony,decimal,39.005,-77.054028,Anopheles stephensi,27,Animalia,Arthropoda,Insecta,Diptera,Culicidae,Anopheles,stephensi,adult,female,16.0,Celsius,27.0,Celsius,Alveolata,Apicomplexa,Aconoidasida,Haemospororida,Plasmodiidae,Plasmodium,falciparum,spz,table S1,Waite et al 2019. Exploring the lower thermal limits for development of the human malaria parasite Plasmodium falciparum. Biol. Lett. 15: 20190275.,10.1098/rsbl.2019.0275,Connor Lachance,phuxly@gmail.com,ambient temp varied plus/minus 5 degrees Celsius. interactor2 was from Plasmodium falciparum (NF54) parasite cultures were either provided by the Johns Hopkins Malaria Institute Core Facility or from the Centre for Infectious Disease Research.,Interactor1Temp,SecondStressorValue
88527,440,CL2111,sporozoite prevalence,not stated,0.0,percent,terrestrial,laboratory,temperature variation,realistic diurnal temperature fluctuation,5.0,Celsius,Walter Reed Army Institute of Research Maryland,colony,decimal,39.005,-77.054028,Anopheles stephensi,42,Animalia,Arthropoda,Insecta,Diptera,Culicidae,Anopheles,stephensi,adult,female,16.0,Celsius,27.0,Celsius,Alveolata,Apicomplexa,Aconoidasida,Haemospororida,Plasmodiidae,Plasmodium,falciparum,spz,table S1,Waite et al 2019. Exploring the lower thermal limits for development of the human malaria parasite Plasmodium falciparum. Biol. Lett. 15: 20190275.,10.1098/rsbl.2019.0275,Connor Lachance,phuxly@gmail.com,ambient temp varied plus/minus 5 degrees Celsius. interactor2 was from Plasmodium falciparum (NF54) parasite cultures were either provided by the Johns Hopkins Malaria Institute Core Facility or from the Centre for Infectious Disease Research.,Interactor1Temp,SecondStressorValue
88528,440,CL2111,sporozoite prevalence,not stated,0.0,percent,terrestrial,laboratory,temperature variation,realistic diurnal temperature fluctuation,0.0,Celsius,Walter Reed Army Institute of Research Maryland,colony,decimal,39.005,-77.054028,Anopheles stephensi,29,Animalia,Arthropoda,Insecta,Diptera,Culicidae,Anopheles,stephensi,adult,female,16.0,Celsius,27.0,Celsius,Alveolata,Apicomplexa,Aconoidasida,Haemospororida,Plasmodiidae,Plasmodium,falciparum,spz,table S1,Waite et al 2019. Exploring the lower thermal limits for development of the human malaria parasite Plasmodium falciparum. Biol. Lett. 15: 20190275.,10.1098/rsbl.2019.0275,Connor Lachance,phuxly@gmail.com,interactor2 was from Plasmodium falciparum (NF54) parasite cultures were either provided by the Johns Hopkins Malaria Institute Core Facility or from the Centre for Infectious Disease Research.,Interactor1Temp,SecondStressorValue
88529,440,CL2111,sporozoite prevalence,not stated,0.0,percent,terrestrial,laboratory,temperature variation,realistic diurnal temperature fluctuation,5.0,Celsius,Walter Reed Army Institute of Research Maryland,colony,decimal,39.005,-77.054028,Anopheles stephensi,14,Animalia,Arthropoda,Insecta,Diptera,Culicidae,Anopheles,stephensi,adult,female,16.0,Celsius,27.0,Celsius,Alveolata,Apicomplexa,Aconoidasida,Haemospororida,Plasmodiidae,Plasmodium,falciparum,oocyst and spz,table S1,Waite et al 2019. Exploring the lower thermal limits for development of the human malaria parasite Plasmodium falciparum. Biol. Lett. 15: 20190275.,10.1098/rsbl.2019.0275,Connor Lachance,phuxly@gmail.com,ambient temp varied plus/minus 5 degrees Celsius. interactor2 was from Plasmodium falciparum (NF54) parasite cultures were either provided by the Johns Hopkins Malaria Institute Core Facility or from the Centre for Infectious Disease Research.,Interactor1Temp,SecondStressorValue
88530,440,CL2111,sporozoite prevalence,not stated,0.0,percent,terrestrial,laboratory,temperature variation,realistic diurnal temperature fluctuation,5.0,Celsius,Walter Reed Army Institute of Research Maryland,colony,decimal,39.005,-77.054028,Anopheles stephensi,30,Animalia,Arthropoda,Insecta,Diptera,Culicidae,Anopheles,stephensi,adult,female,16.0,Celsius,27.0,Celsius,Alveolata,Apicomplexa,Aconoidasida,Haemospororida,Plasmodiidae,Plasmodium,falciparum,oocyst and spz,table S1,Waite et al 2019. Exploring the lower thermal limits for development of the human malaria parasite Plasmodium falciparum. Biol. Lett. 15: 20190275.,10.1098/rsbl.2019.0275,Connor Lachance,phuxly@gmail.com,ambient temp varied plus/minus 5 degrees Celsius. interactor2 was from Plasmodium falciparum (NF54) parasite cultures were either provided by the Johns Hopkins Malaria Institute Core Facility or from the Centre for Infectious Disease Research.,Interactor1Temp,SecondStressorValue
88531,440,CL2111,sporozoite prevalence,not stated,0.0,percent,terrestrial,laboratory,temperature variation,realistic diurnal temperature fluctuation,5.0,Celsius,Walter Reed Army Institute of Research Maryland,colony,decimal,39.005,-77.054028,Anopheles stephensi,20,Animalia,Arthropoda,Insecta,Diptera,Culicidae,Anopheles,stephensi,adult,female,16.0,Celsius,27.0,Celsius,Alveolata,Apicomplexa,Aconoidasida,Haemospororida,Plasmodiidae,Plasmodium,falciparum,spz,table S1,Waite et al 2019. Exploring the lower thermal limits for development of the human malaria parasite Plasmodium falciparum. Biol. Lett. 15: 20190275.,10.1098/rsbl.2019.0275,Connor Lachance,phuxly@gmail.com,ambient temp varied plus/minus 5 degrees Celsius. interactor2 was from Plasmodium falciparum (NF54) parasite cultures were either provided by the Johns Hopkins Malaria Institute Core Facility or from the Centre for Infectious Disease Research.,Interactor1Temp,SecondStressorValue
88532,440,CL2111,sporozoite prevalence,not stated,0.0,percent,terrestrial,laboratory,temperature variation,realistic diurnal temperature fluctuation,0.0,Celsius,Walter Reed Army Institute of Research Maryland,colony,decimal,39.005,-77.054028,Anopheles stephensi,7,Animalia,Arthropoda,Insecta,Diptera,Culicidae,Anopheles,stephensi,adult,female,18.0,Celsius,27.0,Celsius,Alveolata,Apicomplexa,Aconoidasida,Haemospororida,Plasmodiidae,Plasmodium,falciparum,oocyst and spz,table S1,Waite et al 2019. Exploring the lower thermal limits for development of the human malaria parasite Plasmodium falciparum. Biol. Lett. 15: 20190275.,10.1098/rsbl.2019.0275,Connor Lachance,phuxly@gmail.com,interactor2 was from Plasmodium falciparum (NF54) parasite cultures were either provided by the Johns Hopkins Malaria Institute Core Facility or from the Centre for Infectious Disease Research.,Interactor1Temp,SecondStressorValue
88533,440,CL2111,sporozoite prevalence,not stated,0.0,percent,terrestrial,laboratory,temperature variation,realistic diurnal temperature fluctuation,0.0,Celsius,Walter Reed Army Institute of Research Maryland,colony,decimal,39.005,-77.054028,Anopheles stephensi,17,Animalia,Arthropoda,Insecta,Diptera,Culicidae,Anopheles,stephensi,adult,female,18.0,Celsius,27.0,Celsius,Alveolata,Apicomplexa,Aconoidasida,Haemospororida,Plasmodiidae,Plasmodium,falciparum,oocyst and spz,table S1,Waite et al 2019. Exploring the lower thermal limits for development of the human malaria parasite Plasmodium falciparum. Biol. Lett. 15: 20190275.,10.1098/rsbl.2019.0275,Connor Lachance,phuxly@gmail.com,interactor2 was from Plasmodium falciparum (NF54) parasite cultures were either provided by the Johns Hopkins Malaria Institute Core Facility or from the Centre for Infectious Disease Research.,Interactor1Temp,SecondStressorValue
88534,440,CL2111,sporozoite prevalence,not stated,18.75,percent,terrestrial,laboratory,temperature variation,realistic diurnal temperature fluctuation,0.0,Celsius,Walter Reed Army Institute of Research Maryland,colony,decimal,39.005,-77.054028,Anopheles stephensi,16,Animalia,Arthropoda,Insecta,Diptera,Culicidae,Anopheles,stephensi,adult,female,18.0,Celsius,27.0,Celsius,Alveolata,Apicomplexa,Aconoidasida,Haemospororida,Plasmodiidae,Plasmodium,falciparum,oocyst and spz,table S1,Waite et al 2019. Exploring the lower thermal limits for development of the human malaria parasite Plasmodium falciparum. Biol. Lett. 15: 20190275.,10.1098/rsbl.2019.0275,Connor Lachance,phuxly@gmail.com,interactor2 was from Plasmodium falciparum (NF54) parasite cultures were either provided by the Johns Hopkins Malaria Institute Core Facility or from the Centre for Infectious Disease Research.,Interactor1Temp,SecondStressorValue
88535,440,CL2111,sporozoite prevalence,not stated,73.33,percent,terrestrial,laboratory,temperature variation,realistic diurnal temperature fluctuation,0.0,Celsius,Walter Reed Army Institute of Research Maryland,colony,decimal,39.005,-77.054028,Anopheles stephensi,15,Animalia,Arthropoda,Insecta,Diptera,Culicidae,Anopheles,stephensi,adult,female,18.0,Celsius,27.0,Celsius,Alveolata,Apicomplexa,Aconoidasida,Haemospororida,Plasmodiidae,Plasmodium,falciparum,oocyst and spz,table S1,Waite et al 2019. Exploring the lower thermal limits for development of the human malaria parasite Plasmodium falciparum. Biol. Lett. 15: 20190275.,10.1098/rsbl.2019.0275,Connor Lachance,phuxly@gmail.com,interactor2 was from Plasmodium falciparum (NF54) parasite cultures were either provided by the Johns Hopkins Malaria Institute Core Facility or from the Centre for Infectious Disease Research.,Interactor1Temp,SecondStressorValue
88536,440,CL2111,sporozoite prevalence,not stated,53.33,percent,terrestrial,laboratory,temperature variation,realistic diurnal temperature fluctuation,0.0,Celsius,Walter Reed Army Institute of Research Maryland,colony,decimal,39.005,-77.054028,Anopheles stephensi,15,Animalia,Arthropoda,Insecta,Diptera,Culicidae,Anopheles,stephensi,adult,female,18.0,Celsius,27.0,Celsius,Alveolata,Apicomplexa,Aconoidasida,Haemospororida,Plasmodiidae,Plasmodium,falciparum,oocyst and spz,table S1,Waite et al 2019. Exploring the lower thermal limits for development of the human malaria parasite Plasmodium falciparum. Biol. Lett. 15: 20190275.,10.1098/rsbl.2019.0275,Connor Lachance,phuxly@gmail.com,interactor2 was from Plasmodium falciparum (NF54) parasite cultures were either provided by the Johns Hopkins Malaria Institute Core Facility or from the Centre for Infectious Disease Research.,Interactor1Temp,SecondStressorValue
88537,440,CL2111,sporozoite prevalence,not stated,68.75,percent,terrestrial,laboratory,temperature variation,realistic diurnal temperature fluctuation,0.0,Celsius,Walter Reed Army Institute of Research Maryland,colony,decimal,39.005,-77.054028,Anopheles stephensi,16,Animalia,Arthropoda,Insecta,Diptera,Culicidae,Anopheles,stephensi,adult,female,18.0,Celsius,27.0,Celsius,Alveolata,Apicomplexa,Aconoidasida,Haemospororida,Plasmodiidae,Plasmodium,falciparum,oocyst and spz,table S1,Waite et al 2019. Exploring the lower thermal limits for development of the human malaria parasite Plasmodium falciparum. Biol. Lett. 15: 20190275.,10.1098/rsbl.2019.0275,Connor Lachance,phuxly@gmail.com,interactor2 was from Plasmodium falciparum (NF54) parasite cultures were either provided by the Johns Hopkins Malaria Institute Core Facility or from the Centre for Infectious Disease Research.,Interactor1Temp,SecondStressorValue
88538,440,CL2111,sporozoite prevalence,not stated,0.0,percent,terrestrial,laboratory,temperature variation,realistic diurnal temperature fluctuation,0.0,Celsius,Walter Reed Army Institute of Research Maryland,colony,decimal,39.005,-77.054028,Anopheles stephensi,16,Animalia,Arthropoda,Insecta,Diptera,Culicidae,Anopheles,stephensi,adult,female,17.0,Celsius,27.0,Celsius,Alveolata,Apicomplexa,Aconoidasida,Haemospororida,Plasmodiidae,Plasmodium,falciparum,oocyst and spz,table S1,Waite et al 2019. Exploring the lower thermal limits for development of the human malaria parasite Plasmodium falciparum. Biol. Lett. 15: 20190275.,10.1098/rsbl.2019.0275,Connor Lachance,phuxly@gmail.com,interactor2 was from Plasmodium falciparum (NF54) parasite cultures were either provided by the Johns Hopkins Malaria Institute Core Facility or from the Centre for Infectious Disease Research.,Interactor1Temp,SecondStressorValue
88539,440,CL2111,sporozoite prevalence,not stated,0.0,percent,terrestrial,laboratory,temperature variation,realistic diurnal temperature fluctuation,0.0,Celsius,Walter Reed Army Institute of Research Maryland,colony,decimal,39.005,-77.054028,Anopheles stephensi,21,Animalia,Arthropoda,Insecta,Diptera,Culicidae,Anopheles,stephensi,adult,female,17.0,Celsius,27.0,Celsius,Alveolata,Apicomplexa,Aconoidasida,Haemospororida,Plasmodiidae,Plasmodium,falciparum,oocyst and spz,table S1,Waite et al 2019. Exploring the lower thermal limits for development of the human malaria parasite Plasmodium falciparum. Biol. Lett. 15: 20190275.,10.1098/rsbl.2019.0275,Connor Lachance,phuxly@gmail.com,interactor2 was from Plasmodium falciparum (NF54) parasite cultures were either provided by the Johns Hopkins Malaria Institute Core Facility or from the Centre for Infectious Disease Research.,Interactor1Temp,SecondStressorValue
88540,440,CL2111,sporozoite prevalence,not stated,6.25,percent,terrestrial,laboratory,temperature variation,realistic diurnal temperature fluctuation,0.0,Celsius,Walter Reed Army Institute of Research Maryland,colony,decimal,39.005,-77.054028,Anopheles stephensi,16,Animalia,Arthropoda,Insecta,Diptera,Culicidae,Anopheles,stephensi,adult,female,17.0,Celsius,27.0,Celsius,Alveolata,Apicomplexa,Aconoidasida,Haemospororida,Plasmodiidae,Plasmodium,falciparum,spz,table S1,Waite et al 2019. Exploring the lower thermal limits for development of the human malaria parasite Plasmodium falciparum. Biol. Lett. 15: 20190275.,10.1098/rsbl.2019.0275,Connor Lachance,phuxly@gmail.com,interactor2 was from Plasmodium falciparum (NF54) parasite cultures were either provided by the Johns Hopkins Malaria Institute Core Facility or from the Centre for Infectious Disease Research.,Interactor1Temp,SecondStressorValue
88541,440,CL2111,sporozoite prevalence,not stated,0.0,percent,terrestrial,laboratory,temperature variation,realistic diurnal temperature fluctuation,0.0,Celsius,Walter Reed Army Institute of Research Maryland,colony,decimal,39.005,-77.054028,Anopheles stephensi,15,Animalia,Arthropoda,Insecta,Diptera,Culicidae,Anopheles,stephensi,adult,female,17.0,Celsius,27.0,Celsius,Alveolata,Apicomplexa,Aconoidasida,Haemospororida,Plasmodiidae,Plasmodium,falciparum,oocyst and spz,table S1,Waite et al 2019. Exploring the lower thermal limits for development of the human malaria parasite Plasmodium falciparum. Biol. Lett. 15: 20190275.,10.1098/rsbl.2019.0275,Connor Lachance,phuxly@gmail.com,interactor2 was from Plasmodium falciparum (NF54) parasite cultures were either provided by the Johns Hopkins Malaria Institute Core Facility or from the Centre for Infectious Disease Research.,Interactor1Temp,SecondStressorValue
88542,440,CL2111,sporozoite prevalence,not stated,0.0,percent,terrestrial,laboratory,temperature variation,realistic diurnal temperature fluctuation,0.0,Celsius,Walter Reed Army Institute of Research Maryland,colony,decimal,39.005,-77.054028,Anopheles stephensi,30,Animalia,Arthropoda,Insecta,Diptera,Culicidae,Anopheles,stephensi,adult,female,17.0,Celsius,27.0,Celsius,Alveolata,Apicomplexa,Aconoidasida,Haemospororida,Plasmodiidae,Plasmodium,falciparum,spz,table S1,Waite et al 2019. Exploring the lower thermal limits for development of the human malaria parasite Plasmodium falciparum. Biol. Lett. 15: 20190275.,10.1098/rsbl.2019.0275,Connor Lachance,phuxly@gmail.com,interactor2 was from Plasmodium falciparum (NF54) parasite cultures were either provided by the Johns Hopkins Malaria Institute Core Facility or from the Centre for Infectious Disease Research.,Interactor1Temp,SecondStressorValue
88543,440,CL2111,sporozoite prevalence,not stated,45.45,percent,terrestrial,laboratory,temperature variation,realistic diurnal temperature fluctuation,0.0,Celsius,Walter Reed Army Institute of Research Maryland,colony,decimal,39.005,-77.054028,Anopheles stephensi,22,Animalia,Arthropoda,Insecta,Diptera,Culicidae,Anopheles,stephensi,adult,female,17.0,Celsius,27.0,Celsius,Alveolata,Apicomplexa,Aconoidasida,Haemospororida,Plasmodiidae,Plasmodium,falciparum,spz,table S1,Waite et al 2019. Exploring the lower thermal limits for development of the human malaria parasite Plasmodium falciparum. Biol. Lett. 15: 20190275.,10.1098/rsbl.2019.0275,Connor Lachance,phuxly@gmail.com,interactor2 was from Plasmodium falciparum (NF54) parasite cultures were either provided by the Johns Hopkins Malaria Institute Core Facility or from the Centre for Infectious Disease Research.,Interactor1Temp,SecondStressorValue
88544,440,CL2111,sporozoite prevalence,not stated,56.67,percent,terrestrial,laboratory,temperature variation,realistic diurnal temperature fluctuation,0.0,Celsius,Walter Reed Army Institute of Research Maryland,colony,decimal,39.005,-77.054028,Anopheles stephensi,30,Animalia,Arthropoda,Insecta,Diptera,Culicidae,Anopheles,stephensi,adult,female,17.0,Celsius,27.0,Celsius,Alveolata,Apicomplexa,Aconoidasida,Haemospororida,Plasmodiidae,Plasmodium,falciparum,spz,table S1,Waite et al 2019. Exploring the lower thermal limits for development of the human malaria parasite Plasmodium falciparum. Biol. Lett. 15: 20190275.,10.1098/rsbl.2019.0275,Connor Lachance,phuxly@gmail.com,interactor2 was from Plasmodium falciparum (NF54) parasite cultures were either provided by the Johns Hopkins Malaria Institute Core Facility or from the Centre for Infectious Disease Research.,Interactor1Temp,SecondStressorValue
88545,440,CL2111,sporozoite prevalence,not stated,31.25,percent,terrestrial,laboratory,temperature variation,realistic diurnal temperature fluctuation,0.0,Celsius,Walter Reed Army Institute of Research Maryland,colony,decimal,39.005,-77.054028,Anopheles stephensi,32,Animalia,Arthropoda,Insecta,Diptera,Culicidae,Anopheles,stephensi,adult,female,17.0,Celsius,27.0,Celsius,Alveolata,Apicomplexa,Aconoidasida,Haemospororida,Plasmodiidae,Plasmodium,falciparum,spz,table S1,Waite et al 2019. Exploring the lower thermal limits for development of the human malaria parasite Plasmodium falciparum. Biol. Lett. 15: 20190275.,10.1098/rsbl.2019.0275,Connor Lachance,phuxly@gmail.com,interactor2 was from Plasmodium falciparum (NF54) parasite cultures were either provided by the Johns Hopkins Malaria Institute Core Facility or from the Centre for Infectious Disease Research.,Interactor1Temp,SecondStressorValue
88546,440,CL2111,sporozoite prevalence,not stated,54.84,percent,terrestrial,laboratory,temperature variation,realistic diurnal temperature fluctuation,0.0,Celsius,Walter Reed Army Institute of Research Maryland,colony,decimal,39.005,-77.054028,Anopheles stephensi,31,Animalia,Arthropoda,Insecta,Diptera,Culicidae,Anopheles,stephensi,adult,female,17.0,Celsius,27.0,Celsius,Alveolata,Apicomplexa,Aconoidasida,Haemospororida,Plasmodiidae,Plasmodium,falciparum,spz,table S1,Waite et al 2019. Exploring the lower thermal limits for development of the human malaria parasite Plasmodium falciparum. Biol. Lett. 15: 20190275.,10.1098/rsbl.2019.0275,Connor Lachance,phuxly@gmail.com,interactor2 was from Plasmodium falciparum (NF54) parasite cultures were either provided by the Johns Hopkins Malaria Institute Core Facility or from the Centre for Infectious Disease Research.,Interactor1Temp,SecondStressorValue
88547,440,CL2111,sporozoite prevalence,not stated,46.67,percent,terrestrial,laboratory,temperature variation,realistic diurnal temperature fluctuation,0.0,Celsius,Walter Reed Army Institute of Research Maryland,colony,decimal,39.005,-77.054028,Anopheles stephensi,30,Animalia,Arthropoda,Insecta,Diptera,Culicidae,Anopheles,stephensi,adult,female,17.0,Celsius,27.0,Celsius,Alveolata,Apicomplexa,Aconoidasida,Haemospororida,Plasmodiidae,Plasmodium,falciparum,spz,table S1,Waite et al 2019. Exploring the lower thermal limits for development of the human malaria parasite Plasmodium falciparum. Biol. Lett. 15: 20190275.,10.1098/rsbl.2019.0275,Connor Lachance,phuxly@gmail.com,interactor2 was from Plasmodium falciparum (NF54) parasite cultures were either provided by the Johns Hopkins Malaria Institute Core Facility or from the Centre for Infectious Disease Research.,Interactor1Temp,SecondStressorValue
88548,440,CL2111,sporozoite prevalence,not stated,0.0,percent,terrestrial,laboratory,temperature variation,realistic diurnal temperature fluctuation,5.0,Celsius,Walter Reed Army Institute of Research Maryland,colony,decimal,39.005,-77.054028,Anopheles stephensi,17,Animalia,Arthropoda,Insecta,Diptera,Culicidae,Anopheles,stephensi,adult,female,16.0,Celsius,27.0,Celsius,Alveolata,Apicomplexa,Aconoidasida,Haemospororida,Plasmodiidae,Plasmodium,falciparum,oocyst and spz,table S1,Waite et al 2019. Exploring the lower thermal limits for development of the human malaria parasite Plasmodium falciparum. Biol. Lett. 15: 20190275.,10.1098/rsbl.2019.0275,Connor Lachance,phuxly@gmail.com,ambient temp varied plus/minus 5 degrees Celsius. interactor2 was from Plasmodium falciparum (NF54) parasite cultures were either provided by the Johns Hopkins Malaria Institute Core Facility or from the Centre for Infectious Disease Research.,Interactor1Temp,SecondStressorValue
88549,440,CL2111,sporozoite prevalence,not stated,0.0,percent,terrestrial,laboratory,temperature variation,realistic diurnal temperature fluctuation,5.0,Celsius,Walter Reed Army Institute of Research Maryland,colony,decimal,39.005,-77.054028,Anopheles stephensi,16,Animalia,Arthropoda,Insecta,Diptera,Culicidae,Anopheles,stephensi,adult,female,16.0,Celsius,27.0,Celsius,Alveolata,Apicomplexa,Aconoidasida,Haemospororida,Plasmodiidae,Plasmodium,falciparum,spz,table S1,Waite et al 2019. Exploring the lower thermal limits for development of the human malaria parasite Plasmodium falciparum. Biol. Lett. 15: 20190275.,10.1098/rsbl.2019.0275,Connor Lachance,phuxly@gmail.com,ambient temp varied plus/minus 5 degrees Celsius. interactor2 was from Plasmodium falciparum (NF54) parasite cultures were either provided by the Johns Hopkins Malaria Institute Core Facility or from the Centre for Infectious Disease Research.,Interactor1Temp,SecondStressorValue
88550,440,CL2111,sporozoite prevalence,not stated,0.0,percent,terrestrial,laboratory,temperature variation,realistic diurnal temperature fluctuation,0.0,Celsius,Walter Reed Army Institute of Research Maryland,colony,decimal,39.005,-77.054028,Anopheles stephensi,13,Animalia,Arthropoda,Insecta,Diptera,Culicidae,Anopheles,stephensi,adult,female,16.0,Celsius,27.0,Celsius,Alveolata,Apicomplexa,Aconoidasida,Haemospororida,Plasmodiidae,Plasmodium,falciparum,spz,table S1,Waite et al 2019. Exploring the lower thermal limits for development of the human malaria parasite Plasmodium falciparum. Biol. Lett. 15: 20190275.,10.1098/rsbl.2019.0275,Connor Lachance,phuxly@gmail.com,ambient temp varied plus/minus 5 degrees Celsius. interactor2 was from Plasmodium falciparum (NF54) parasite cultures were either provided by the Johns Hopkins Malaria Institute Core Facility or from the Centre for Infectious Disease Research.,Interactor1Temp,SecondStressorValue
88551,440,CL2111,sporozoite prevalence,not stated,0.0,percent,terrestrial,laboratory,temperature variation,realistic diurnal temperature fluctuation,5.0,Celsius,Walter Reed Army Institute of Research Maryland,colony,decimal,39.005,-77.054028,Anopheles stephensi,12,Animalia,Arthropoda,Insecta,Diptera,Culicidae,Anopheles,stephensi,adult,female,16.0,Celsius,27.0,Celsius,Alveolata,Apicomplexa,Aconoidasida,Haemospororida,Plasmodiidae,Plasmodium,falciparum,oocyst and spz,table S1,Waite et al 2019. Exploring the lower thermal limits for development of the human malaria parasite Plasmodium falciparum. Biol. Lett. 15: 20190275.,10.1098/rsbl.2019.0275,Connor Lachance,phuxly@gmail.com,ambient temp varied plus/minus 5 degrees Celsius. interactor2 was from Plasmodium falciparum (NF54) parasite cultures were either provided by the Johns Hopkins Malaria Institute Core Facility or from the Centre for Infectious Disease Research.,Interactor1Temp,SecondStressorValue
88552,440,CL2111,sporozoite prevalence,not stated,0.0,percent,terrestrial,laboratory,temperature variation,realistic diurnal temperature fluctuation,5.0,Celsius,Walter Reed Army Institute of Research Maryland,colony,decimal,39.005,-77.054028,Anopheles stephensi,22,Animalia,Arthropoda,Insecta,Diptera,Culicidae,Anopheles,stephensi,adult,female,16.0,Celsius,27.0,Celsius,Alveolata,Apicomplexa,Aconoidasida,Haemospororida,Plasmodiidae,Plasmodium,falciparum,oocyst and spz,table S1,Waite et al 2019. Exploring the lower thermal limits for development of the human malaria parasite Plasmodium falciparum. Biol. Lett. 15: 20190275.,10.1098/rsbl.2019.0275,Connor Lachance,phuxly@gmail.com,ambient temp varied plus/minus 5 degrees Celsius. interactor2 was from Plasmodium falciparum (NF54) parasite cultures were either provided by the Johns Hopkins Malaria Institute Core Facility or from the Centre for Infectious Disease Research.,Interactor1Temp,SecondStressorValue
